<ImportExportXml version="8.2.0001.0176" SolutionPackageVersion="8.0" languagecode="1033" generatedBy="OnPremise" xmlns:xsi="http://www.w3.org/2001/XMLSchema-instance">
  <SolutionManifest>
    <UniqueName>CeledonAutoNumber</UniqueName>
    <LocalizedNames>
      <LocalizedName description="Celedon AutoNumber" languagecode="1033" />
    </LocalizedNames>
    <Descriptions>
      <Description description="Upgrade of Celedon AutoNumber" languagecode="1033" />
    </Descriptions>
    <Version>1.2.0.0</Version>
    <Managed>1</Managed>
    <Publisher>
      <UniqueName>celedonpartners</UniqueName>
      <LocalizedNames>
        <LocalizedName description="Celedon Partners" languagecode="1033" />
      </LocalizedNames>
      <Descriptions />
      <EMailAddress>contactus@celedonpartners.com</EMailAddress>
      <SupportingWebsiteUrl>http://www.celedonpartners.com</SupportingWebsiteUrl>
      <CustomizationPrefix>cel</CustomizationPrefix>
      <CustomizationOptionValuePrefix>27914</CustomizationOptionValuePrefix>
      <Addresses>
        <Address>
          <AddressNumber>1</AddressNumber>
          <AddressTypeCode>1</AddressTypeCode>
          <City xsi:nil="true"></City>
          <County xsi:nil="true"></County>
          <Country xsi:nil="true"></Country>
          <Fax xsi:nil="true"></Fax>
          <FreightTermsCode xsi:nil="true"></FreightTermsCode>
          <ImportSequenceNumber xsi:nil="true"></ImportSequenceNumber>
          <Latitude xsi:nil="true"></Latitude>
          <Line1 xsi:nil="true"></Line1>
          <Line2 xsi:nil="true"></Line2>
          <Line3 xsi:nil="true"></Line3>
          <Longitude xsi:nil="true"></Longitude>
          <Name xsi:nil="true"></Name>
          <PostalCode xsi:nil="true"></PostalCode>
          <PostOfficeBox xsi:nil="true"></PostOfficeBox>
          <PrimaryContactName xsi:nil="true"></PrimaryContactName>
          <ShippingMethodCode>1</ShippingMethodCode>
          <StateOrProvince xsi:nil="true"></StateOrProvince>
          <Telephone1 xsi:nil="true"></Telephone1>
          <Telephone2 xsi:nil="true"></Telephone2>
          <Telephone3 xsi:nil="true"></Telephone3>
          <TimeZoneRuleVersionNumber xsi:nil="true"></TimeZoneRuleVersionNumber>
          <UPSZone xsi:nil="true"></UPSZone>
          <UTCOffset xsi:nil="true"></UTCOffset>
          <UTCConversionTimeZoneCode xsi:nil="true"></UTCConversionTimeZoneCode>
        </Address>
        <Address>
          <AddressNumber>2</AddressNumber>
          <AddressTypeCode>1</AddressTypeCode>
          <City xsi:nil="true"></City>
          <County xsi:nil="true"></County>
          <Country xsi:nil="true"></Country>
          <Fax xsi:nil="true"></Fax>
          <FreightTermsCode xsi:nil="true"></FreightTermsCode>
          <ImportSequenceNumber xsi:nil="true"></ImportSequenceNumber>
          <Latitude xsi:nil="true"></Latitude>
          <Line1 xsi:nil="true"></Line1>
          <Line2 xsi:nil="true"></Line2>
          <Line3 xsi:nil="true"></Line3>
          <Longitude xsi:nil="true"></Longitude>
          <Name xsi:nil="true"></Name>
          <PostalCode xsi:nil="true"></PostalCode>
          <PostOfficeBox xsi:nil="true"></PostOfficeBox>
          <PrimaryContactName xsi:nil="true"></PrimaryContactName>
          <ShippingMethodCode>1</ShippingMethodCode>
          <StateOrProvince xsi:nil="true"></StateOrProvince>
          <Telephone1 xsi:nil="true"></Telephone1>
          <Telephone2 xsi:nil="true"></Telephone2>
          <Telephone3 xsi:nil="true"></Telephone3>
          <TimeZoneRuleVersionNumber xsi:nil="true"></TimeZoneRuleVersionNumber>
          <UPSZone xsi:nil="true"></UPSZone>
          <UTCOffset xsi:nil="true"></UTCOffset>
          <UTCConversionTimeZoneCode xsi:nil="true"></UTCConversionTimeZoneCode>
        </Address>
      </Addresses>
    </Publisher>
    <RootComponents>
      <RootComponent type="1" schemaName="cel_autonumber" behavior="0" />
      <RootComponent type="61" schemaName="cel_autonumber.js" behavior="0" />
      <RootComponent type="61" schemaName="cel_autonumber16.png" behavior="0" />
      <RootComponent type="61" schemaName="cel_autonumber32.png" behavior="0" />
      <RootComponent type="62" behavior="0" />
      <RootComponent type="91" schemaName="Celedon.AutoNumber, Version=1.0.0.0, Culture=neutral, PublicKeyToken=ad1329e8e0985d48" behavior="0" />
      <RootComponent type="92" id="{287763be-6dba-e711-a95e-000d3a301c96}" behavior="0" />
      <RootComponent type="92" id="{4b9b76ff-6dba-e711-a95e-000d3a301c96}" behavior="0" />
      <RootComponent type="92" id="{d08172ac-6dba-e711-a95e-000d3a301c96}" behavior="0" />
    </RootComponents>
    <MissingDependencies />
  </SolutionManifest>
</ImportExportXml>