﻿<?xml version="1.0" encoding="utf-8"?>
<ImportExportXml xmlns:xsi="http://www.w3.org/2001/XMLSchema-instance">
  <Entities>
    <Entity>
      <Name LocalizedName="Auto Number" OriginalName="Auto Number">cel_autonumber</Name>
      <ObjectTypeCode>10007</ObjectTypeCode>
      <EntityInfo>
        <entity Name="cel_autonumber">
          <LocalizedNames>
            <LocalizedName description="Auto Number" languagecode="1033" />
          </LocalizedNames>
          <LocalizedCollectionNames>
            <LocalizedCollectionName description="Auto Number" languagecode="1033" />
          </LocalizedCollectionNames>
          <Descriptions>
            <Description description="" languagecode="1033" />
          </Descriptions>
          <attributes>
            <attribute PhysicalName="cel_AttributeName">
              <Type>nvarchar</Type>
              <Name>cel_attributename</Name>
              <LogicalName>cel_attributename</LogicalName>
              <RequiredLevel>required</RequiredLevel>
              <DisplayMask>ValidForAdvancedFind|ValidForForm|ValidForGrid</DisplayMask>
              <ImeMode>auto</ImeMode>
              <ValidForUpdateApi>1</ValidForUpdateApi>
              <ValidForReadApi>1</ValidForReadApi>
              <ValidForCreateApi>1</ValidForCreateApi>
              <IsCustomField>1</IsCustomField>
              <IsAuditEnabled>1</IsAuditEnabled>
              <IsSecured>0</IsSecured>
              <IntroducedVersion>1.0.0.0</IntroducedVersion>
              <IsCustomizable>1</IsCustomizable>
              <IsRenameable>1</IsRenameable>
              <CanModifySearchSettings>1</CanModifySearchSettings>
              <CanModifyRequirementLevelSettings>1</CanModifyRequirementLevelSettings>
              <CanModifyAdditionalSettings>1</CanModifyAdditionalSettings>
              <Format>text</Format>
              <MaxLength>100</MaxLength>
              <Length>200</Length>
              <displaynames>
                <displayname description="Attribute Name" languagecode="1033" />
              </displaynames>
              <Descriptions>
                <Description description="" languagecode="1033" />
              </Descriptions>
            </attribute>
            <attribute PhysicalName="cel_autonumberId">
              <Type>primarykey</Type>
              <Name>cel_autonumberid</Name>
              <LogicalName>cel_autonumberid</LogicalName>
              <RequiredLevel>systemrequired</RequiredLevel>
              <DisplayMask>ValidForAdvancedFind|RequiredForGrid</DisplayMask>
              <ImeMode>auto</ImeMode>
              <ValidForReadApi>1</ValidForReadApi>
              <ValidForCreateApi>1</ValidForCreateApi>
              <IsCustomField>0</IsCustomField>
              <IsAuditEnabled>0</IsAuditEnabled>
              <IsSecured>0</IsSecured>
              <IntroducedVersion>1.0.0.0</IntroducedVersion>
              <IsCustomizable>1</IsCustomizable>
              <IsRenameable>1</IsRenameable>
              <CanModifySearchSettings>1</CanModifySearchSettings>
              <CanModifyRequirementLevelSettings>0</CanModifyRequirementLevelSettings>
              <CanModifyAdditionalSettings>1</CanModifyAdditionalSettings>
              <displaynames>
                <displayname description="Auto Number" languagecode="1033" />
              </displaynames>
              <Descriptions>
                <Description description="Unique identifier for entity instances" languagecode="1033" />
              </Descriptions>
            </attribute>
            <attribute PhysicalName="cel_ConditionalOptionSet">
              <Type>nvarchar</Type>
              <Name>cel_conditionaloptionset</Name>
              <LogicalName>cel_conditionaloptionset</LogicalName>
              <RequiredLevel>none</RequiredLevel>
              <DisplayMask>ValidForAdvancedFind|ValidForForm|ValidForGrid</DisplayMask>
              <ImeMode>auto</ImeMode>
              <ValidForUpdateApi>1</ValidForUpdateApi>
              <ValidForReadApi>1</ValidForReadApi>
              <ValidForCreateApi>1</ValidForCreateApi>
              <IsCustomField>1</IsCustomField>
              <IsAuditEnabled>1</IsAuditEnabled>
              <IsSecured>0</IsSecured>
              <IntroducedVersion>0.9.2</IntroducedVersion>
              <IsCustomizable>1</IsCustomizable>
              <IsRenameable>1</IsRenameable>
              <CanModifySearchSettings>1</CanModifySearchSettings>
              <CanModifyRequirementLevelSettings>1</CanModifyRequirementLevelSettings>
              <CanModifyAdditionalSettings>1</CanModifyAdditionalSettings>
              <Format>text</Format>
              <MaxLength>100</MaxLength>
              <Length>200</Length>
              <displaynames>
                <displayname description="Conditional OptionSet" languagecode="1033" />
              </displaynames>
              <Descriptions>
                <Description description="" languagecode="1033" />
              </Descriptions>
            </attribute>
            <attribute PhysicalName="cel_ConditionalValue">
              <Type>int</Type>
              <Name>cel_conditionalvalue</Name>
              <LogicalName>cel_conditionalvalue</LogicalName>
              <RequiredLevel>none</RequiredLevel>
              <DisplayMask>ValidForAdvancedFind|ValidForForm|ValidForGrid</DisplayMask>
              <ImeMode>auto</ImeMode>
              <ValidForUpdateApi>1</ValidForUpdateApi>
              <ValidForReadApi>1</ValidForReadApi>
              <ValidForCreateApi>1</ValidForCreateApi>
              <IsCustomField>1</IsCustomField>
              <IsAuditEnabled>1</IsAuditEnabled>
              <IsSecured>0</IsSecured>
              <IntroducedVersion>0.9.2</IntroducedVersion>
              <IsCustomizable>1</IsCustomizable>
              <IsRenameable>1</IsRenameable>
              <CanModifySearchSettings>1</CanModifySearchSettings>
              <CanModifyRequirementLevelSettings>1</CanModifyRequirementLevelSettings>
              <CanModifyAdditionalSettings>1</CanModifyAdditionalSettings>
              <Format></Format>
              <MinValue>0</MinValue>
              <MaxValue>2147483647</MaxValue>
              <displaynames>
                <displayname description="Conditional Value" languagecode="1033" />
              </displaynames>
              <Descriptions>
                <Description description="" languagecode="1033" />
              </Descriptions>
            </attribute>
            <attribute PhysicalName="cel_Digits">
              <Type>int</Type>
              <Name>cel_digits</Name>
              <LogicalName>cel_digits</LogicalName>
              <RequiredLevel>required</RequiredLevel>
              <DisplayMask>ValidForAdvancedFind|ValidForForm|ValidForGrid</DisplayMask>
              <ImeMode>auto</ImeMode>
              <ValidForUpdateApi>1</ValidForUpdateApi>
              <ValidForReadApi>1</ValidForReadApi>
              <ValidForCreateApi>1</ValidForCreateApi>
              <IsCustomField>1</IsCustomField>
              <IsAuditEnabled>1</IsAuditEnabled>
              <IsSecured>0</IsSecured>
              <IntroducedVersion>1.0.0.0</IntroducedVersion>
              <IsCustomizable>1</IsCustomizable>
              <IsRenameable>1</IsRenameable>
              <CanModifySearchSettings>1</CanModifySearchSettings>
              <CanModifyRequirementLevelSettings>1</CanModifyRequirementLevelSettings>
              <CanModifyAdditionalSettings>1</CanModifyAdditionalSettings>
              <Format></Format>
              <MinValue>0</MinValue>
              <MaxValue>32</MaxValue>
              <displaynames>
                <displayname description="Digits" languagecode="1033" />
              </displaynames>
              <Descriptions>
                <Description description="" languagecode="1033" />
              </Descriptions>
            </attribute>
            <attribute PhysicalName="cel_EntityName">
              <Type>nvarchar</Type>
              <Name>cel_entityname</Name>
              <LogicalName>cel_entityname</LogicalName>
              <RequiredLevel>required</RequiredLevel>
              <DisplayMask>ValidForAdvancedFind|ValidForForm|ValidForGrid</DisplayMask>
              <ImeMode>auto</ImeMode>
              <ValidForUpdateApi>1</ValidForUpdateApi>
              <ValidForReadApi>1</ValidForReadApi>
              <ValidForCreateApi>1</ValidForCreateApi>
              <IsCustomField>1</IsCustomField>
              <IsAuditEnabled>1</IsAuditEnabled>
              <IsSecured>0</IsSecured>
              <IntroducedVersion>1.0.0.0</IntroducedVersion>
              <IsCustomizable>1</IsCustomizable>
              <IsRenameable>1</IsRenameable>
              <CanModifySearchSettings>1</CanModifySearchSettings>
              <CanModifyRequirementLevelSettings>1</CanModifyRequirementLevelSettings>
              <CanModifyAdditionalSettings>1</CanModifyAdditionalSettings>
              <Format>text</Format>
              <MaxLength>100</MaxLength>
              <Length>200</Length>
              <displaynames>
                <displayname description="Entity Name" languagecode="1033" />
              </displaynames>
              <Descriptions>
                <Description description="" languagecode="1033" />
              </Descriptions>
            </attribute>
            <attribute PhysicalName="cel_name">
              <Type>nvarchar</Type>
              <Name>cel_name</Name>
              <LogicalName>cel_name</LogicalName>
              <RequiredLevel>none</RequiredLevel>
              <DisplayMask>PrimaryName|ValidForAdvancedFind|ValidForForm|ValidForGrid|RequiredForForm</DisplayMask>
              <ImeMode>auto</ImeMode>
              <ValidForUpdateApi>1</ValidForUpdateApi>
              <ValidForReadApi>1</ValidForReadApi>
              <ValidForCreateApi>1</ValidForCreateApi>
              <IsCustomField>1</IsCustomField>
              <IsAuditEnabled>1</IsAuditEnabled>
              <IsSecured>0</IsSecured>
              <IntroducedVersion>1.0.0.0</IntroducedVersion>
              <IsCustomizable>1</IsCustomizable>
              <IsRenameable>1</IsRenameable>
              <CanModifySearchSettings>1</CanModifySearchSettings>
              <CanModifyRequirementLevelSettings>1</CanModifyRequirementLevelSettings>
              <CanModifyAdditionalSettings>1</CanModifyAdditionalSettings>
              <Format>text</Format>
              <MaxLength>100</MaxLength>
              <Length>200</Length>
              <displaynames>
                <displayname description="Name" languagecode="1033" />
              </displaynames>
              <Descriptions>
                <Description description="The name of the custom entity." languagecode="1033" />
              </Descriptions>
            </attribute>
            <attribute PhysicalName="cel_NextNumber">
              <Type>int</Type>
              <Name>cel_nextnumber</Name>
              <LogicalName>cel_nextnumber</LogicalName>
              <RequiredLevel>required</RequiredLevel>
              <DisplayMask>ValidForForm|ValidForGrid</DisplayMask>
              <ImeMode>auto</ImeMode>
              <ValidForUpdateApi>1</ValidForUpdateApi>
              <ValidForReadApi>1</ValidForReadApi>
              <ValidForCreateApi>1</ValidForCreateApi>
              <IsCustomField>1</IsCustomField>
              <IsAuditEnabled>1</IsAuditEnabled>
              <IsSecured>0</IsSecured>
              <IntroducedVersion>1.0.0.0</IntroducedVersion>
              <IsCustomizable>1</IsCustomizable>
              <IsRenameable>1</IsRenameable>
              <CanModifySearchSettings>1</CanModifySearchSettings>
              <CanModifyRequirementLevelSettings>1</CanModifyRequirementLevelSettings>
              <CanModifyAdditionalSettings>1</CanModifyAdditionalSettings>
              <Format></Format>
              <MinValue>0</MinValue>
              <MaxValue>2147483647</MaxValue>
              <displaynames>
                <displayname description="Next Number" languagecode="1033" />
              </displaynames>
              <Descriptions>
                <Description description="" languagecode="1033" />
              </Descriptions>
            </attribute>
            <attribute PhysicalName="cel_Prefix">
              <Type>nvarchar</Type>
              <Name>cel_prefix</Name>
              <LogicalName>cel_prefix</LogicalName>
              <RequiredLevel>none</RequiredLevel>
              <DisplayMask>ValidForAdvancedFind|ValidForForm|ValidForGrid</DisplayMask>
              <ImeMode>auto</ImeMode>
              <ValidForUpdateApi>1</ValidForUpdateApi>
              <ValidForReadApi>1</ValidForReadApi>
              <ValidForCreateApi>1</ValidForCreateApi>
              <IsCustomField>1</IsCustomField>
              <IsAuditEnabled>1</IsAuditEnabled>
              <IsSecured>0</IsSecured>
              <IntroducedVersion>1.0.0.0</IntroducedVersion>
              <IsCustomizable>1</IsCustomizable>
              <IsRenameable>1</IsRenameable>
              <CanModifySearchSettings>1</CanModifySearchSettings>
              <CanModifyRequirementLevelSettings>1</CanModifyRequirementLevelSettings>
              <CanModifyAdditionalSettings>1</CanModifyAdditionalSettings>
              <Format>text</Format>
              <MaxLength>1000</MaxLength>
              <Length>2000</Length>
              <displaynames>
                <displayname description="Prefix" languagecode="1033" />
              </displaynames>
              <Descriptions>
                <Description description="" languagecode="1033" />
              </Descriptions>
            </attribute>
            <attribute PhysicalName="cel_Preview">
              <Type>nvarchar</Type>
              <Name>cel_preview</Name>
              <LogicalName>cel_preview</LogicalName>
              <RequiredLevel>none</RequiredLevel>
              <DisplayMask>ValidForForm|ValidForGrid</DisplayMask>
              <ImeMode>auto</ImeMode>
              <ValidForUpdateApi>1</ValidForUpdateApi>
              <ValidForReadApi>1</ValidForReadApi>
              <ValidForCreateApi>1</ValidForCreateApi>
              <IsCustomField>1</IsCustomField>
              <IsAuditEnabled>0</IsAuditEnabled>
              <IsSecured>0</IsSecured>
              <IntroducedVersion>1.0.0.0</IntroducedVersion>
              <IsCustomizable>1</IsCustomizable>
              <IsRenameable>1</IsRenameable>
              <CanModifySearchSettings>1</CanModifySearchSettings>
              <CanModifyRequirementLevelSettings>1</CanModifyRequirementLevelSettings>
              <CanModifyAdditionalSettings>1</CanModifyAdditionalSettings>
              <Format>text</Format>
              <MaxLength>100</MaxLength>
              <Length>200</Length>
              <displaynames>
                <displayname description="Preview" languagecode="1033" />
              </displaynames>
              <Descriptions>
                <Description description="" languagecode="1033" />
              </Descriptions>
            </attribute>
            <attribute PhysicalName="cel_Suffix">
              <Type>nvarchar</Type>
              <Name>cel_suffix</Name>
              <LogicalName>cel_suffix</LogicalName>
              <RequiredLevel>none</RequiredLevel>
              <DisplayMask>ValidForAdvancedFind|ValidForForm|ValidForGrid</DisplayMask>
              <ImeMode>auto</ImeMode>
              <ValidForUpdateApi>1</ValidForUpdateApi>
              <ValidForReadApi>1</ValidForReadApi>
              <ValidForCreateApi>1</ValidForCreateApi>
              <IsCustomField>1</IsCustomField>
              <IsAuditEnabled>1</IsAuditEnabled>
              <IsSecured>0</IsSecured>
              <IntroducedVersion>1.0.0.0</IntroducedVersion>
              <IsCustomizable>1</IsCustomizable>
              <IsRenameable>1</IsRenameable>
              <CanModifySearchSettings>1</CanModifySearchSettings>
              <CanModifyRequirementLevelSettings>1</CanModifyRequirementLevelSettings>
              <CanModifyAdditionalSettings>1</CanModifyAdditionalSettings>
              <Format>text</Format>
              <MaxLength>1000</MaxLength>
              <Length>2000</Length>
              <displaynames>
                <displayname description="Suffix" languagecode="1033" />
              </displaynames>
              <Descriptions>
                <Description description="" languagecode="1033" />
              </Descriptions>
            </attribute>
            <attribute PhysicalName="CreatedBy">
              <Type>lookup</Type>
              <Name>createdby</Name>
              <LogicalName>createdby</LogicalName>
              <RequiredLevel>none</RequiredLevel>
              <DisplayMask>ValidForAdvancedFind|ValidForForm|ValidForGrid</DisplayMask>
              <ImeMode>auto</ImeMode>
              <ValidForReadApi>1</ValidForReadApi>
              <IsCustomField>0</IsCustomField>
              <IsAuditEnabled>0</IsAuditEnabled>
              <IsSecured>0</IsSecured>
              <IntroducedVersion>1.0.0.0</IntroducedVersion>
              <IsCustomizable>1</IsCustomizable>
              <IsRenameable>1</IsRenameable>
              <CanModifySearchSettings>1</CanModifySearchSettings>
              <CanModifyRequirementLevelSettings>1</CanModifyRequirementLevelSettings>
              <CanModifyAdditionalSettings>1</CanModifyAdditionalSettings>
              <ReferencedEntityObjectTypeCode>8</ReferencedEntityObjectTypeCode>
              <LookupStyle>single</LookupStyle>
              <LookupTypes />
              <displaynames>
                <displayname description="Created By" languagecode="1033" />
              </displaynames>
              <Descriptions>
                <Description description="Unique identifier of the user who created the record." languagecode="1033" />
              </Descriptions>
            </attribute>
            <attribute PhysicalName="CreatedOn">
              <Type>datetime</Type>
              <Name>createdon</Name>
              <LogicalName>createdon</LogicalName>
              <RequiredLevel>none</RequiredLevel>
              <DisplayMask>ValidForAdvancedFind|ValidForForm|ValidForGrid</DisplayMask>
              <ImeMode>inactive</ImeMode>
              <ValidForReadApi>1</ValidForReadApi>
              <IsCustomField>0</IsCustomField>
              <IsAuditEnabled>0</IsAuditEnabled>
              <IsSecured>0</IsSecured>
              <IntroducedVersion>1.0.0.0</IntroducedVersion>
              <IsCustomizable>1</IsCustomizable>
              <IsRenameable>1</IsRenameable>
              <CanModifySearchSettings>1</CanModifySearchSettings>
              <CanModifyRequirementLevelSettings>1</CanModifyRequirementLevelSettings>
              <CanModifyAdditionalSettings>1</CanModifyAdditionalSettings>
              <Format>datetime</Format>
              <displaynames>
                <displayname description="Created On" languagecode="1033" />
              </displaynames>
              <Descriptions>
                <Description description="Date and time when the record was created." languagecode="1033" />
              </Descriptions>
            </attribute>
            <attribute PhysicalName="CreatedOnBehalfBy">
              <Type>lookup</Type>
              <Name>createdonbehalfby</Name>
              <LogicalName>createdonbehalfby</LogicalName>
              <RequiredLevel>none</RequiredLevel>
              <DisplayMask>ValidForAdvancedFind|ValidForForm|ValidForGrid</DisplayMask>
              <ImeMode>auto</ImeMode>
              <ValidForReadApi>1</ValidForReadApi>
              <IsCustomField>0</IsCustomField>
              <IsAuditEnabled>0</IsAuditEnabled>
              <IsSecured>0</IsSecured>
              <IntroducedVersion>1.0.0.0</IntroducedVersion>
              <IsCustomizable>1</IsCustomizable>
              <IsRenameable>1</IsRenameable>
              <CanModifySearchSettings>1</CanModifySearchSettings>
              <CanModifyRequirementLevelSettings>1</CanModifyRequirementLevelSettings>
              <CanModifyAdditionalSettings>1</CanModifyAdditionalSettings>
              <ReferencedEntityObjectTypeCode>8</ReferencedEntityObjectTypeCode>
              <LookupStyle>single</LookupStyle>
              <LookupTypes />
              <displaynames>
                <displayname description="Created By (Delegate)" languagecode="1033" />
              </displaynames>
              <Descriptions>
                <Description description="Unique identifier of the delegate user who created the record." languagecode="1033" />
              </Descriptions>
            </attribute>
            <attribute PhysicalName="ImportSequenceNumber">
              <Type>int</Type>
              <Name>importsequencenumber</Name>
              <LogicalName>importsequencenumber</LogicalName>
              <RequiredLevel>none</RequiredLevel>
              <DisplayMask>ValidForAdvancedFind</DisplayMask>
              <ImeMode>disabled</ImeMode>
              <ValidForReadApi>1</ValidForReadApi>
              <ValidForCreateApi>1</ValidForCreateApi>
              <IsCustomField>0</IsCustomField>
              <IsAuditEnabled>1</IsAuditEnabled>
              <IsSecured>0</IsSecured>
              <IntroducedVersion>1.0.0.0</IntroducedVersion>
              <IsCustomizable>1</IsCustomizable>
              <IsRenameable>1</IsRenameable>
              <CanModifySearchSettings>1</CanModifySearchSettings>
              <CanModifyRequirementLevelSettings>1</CanModifyRequirementLevelSettings>
              <CanModifyAdditionalSettings>1</CanModifyAdditionalSettings>
              <Format></Format>
              <MinValue>-2147483648</MinValue>
              <MaxValue>2147483647</MaxValue>
              <displaynames>
                <displayname description="Import Sequence Number" languagecode="1033" />
              </displaynames>
              <Descriptions>
                <Description description="Sequence number of the import that created this record." languagecode="1033" />
              </Descriptions>
            </attribute>
            <attribute PhysicalName="ModifiedBy">
              <Type>lookup</Type>
              <Name>modifiedby</Name>
              <LogicalName>modifiedby</LogicalName>
              <RequiredLevel>none</RequiredLevel>
              <DisplayMask>ValidForAdvancedFind|ValidForForm|ValidForGrid</DisplayMask>
              <ImeMode>auto</ImeMode>
              <ValidForReadApi>1</ValidForReadApi>
              <IsCustomField>0</IsCustomField>
              <IsAuditEnabled>0</IsAuditEnabled>
              <IsSecured>0</IsSecured>
              <IntroducedVersion>1.0.0.0</IntroducedVersion>
              <IsCustomizable>1</IsCustomizable>
              <IsRenameable>1</IsRenameable>
              <CanModifySearchSettings>1</CanModifySearchSettings>
              <CanModifyRequirementLevelSettings>1</CanModifyRequirementLevelSettings>
              <CanModifyAdditionalSettings>1</CanModifyAdditionalSettings>
              <ReferencedEntityObjectTypeCode>8</ReferencedEntityObjectTypeCode>
              <LookupStyle>single</LookupStyle>
              <LookupTypes />
              <displaynames>
                <displayname description="Modified By" languagecode="1033" />
              </displaynames>
              <Descriptions>
                <Description description="Unique identifier of the user who modified the record." languagecode="1033" />
              </Descriptions>
            </attribute>
            <attribute PhysicalName="ModifiedOn">
              <Type>datetime</Type>
              <Name>modifiedon</Name>
              <LogicalName>modifiedon</LogicalName>
              <RequiredLevel>none</RequiredLevel>
              <DisplayMask>ValidForAdvancedFind|ValidForForm|ValidForGrid</DisplayMask>
              <ImeMode>inactive</ImeMode>
              <ValidForReadApi>1</ValidForReadApi>
              <IsCustomField>0</IsCustomField>
              <IsAuditEnabled>0</IsAuditEnabled>
              <IsSecured>0</IsSecured>
              <IntroducedVersion>1.0.0.0</IntroducedVersion>
              <IsCustomizable>1</IsCustomizable>
              <IsRenameable>1</IsRenameable>
              <CanModifySearchSettings>1</CanModifySearchSettings>
              <CanModifyRequirementLevelSettings>1</CanModifyRequirementLevelSettings>
              <CanModifyAdditionalSettings>1</CanModifyAdditionalSettings>
              <Format>datetime</Format>
              <displaynames>
                <displayname description="Modified On" languagecode="1033" />
              </displaynames>
              <Descriptions>
                <Description description="Date and time when the record was modified." languagecode="1033" />
              </Descriptions>
            </attribute>
            <attribute PhysicalName="ModifiedOnBehalfBy">
              <Type>lookup</Type>
              <Name>modifiedonbehalfby</Name>
              <LogicalName>modifiedonbehalfby</LogicalName>
              <RequiredLevel>none</RequiredLevel>
              <DisplayMask>ValidForAdvancedFind|ValidForForm|ValidForGrid</DisplayMask>
              <ImeMode>auto</ImeMode>
              <ValidForReadApi>1</ValidForReadApi>
              <IsCustomField>0</IsCustomField>
              <IsAuditEnabled>0</IsAuditEnabled>
              <IsSecured>0</IsSecured>
              <IntroducedVersion>1.0.0.0</IntroducedVersion>
              <IsCustomizable>1</IsCustomizable>
              <IsRenameable>1</IsRenameable>
              <CanModifySearchSettings>1</CanModifySearchSettings>
              <CanModifyRequirementLevelSettings>1</CanModifyRequirementLevelSettings>
              <CanModifyAdditionalSettings>1</CanModifyAdditionalSettings>
              <ReferencedEntityObjectTypeCode>8</ReferencedEntityObjectTypeCode>
              <LookupStyle>single</LookupStyle>
              <LookupTypes />
              <displaynames>
                <displayname description="Modified By (Delegate)" languagecode="1033" />
              </displaynames>
              <Descriptions>
                <Description description="Unique identifier of the delegate user who modified the record." languagecode="1033" />
              </Descriptions>
            </attribute>
            <attribute PhysicalName="OrganizationId">
              <Type>lookup</Type>
              <Name>organizationid</Name>
              <LogicalName>organizationid</LogicalName>
              <RequiredLevel>none</RequiredLevel>
              <ImeMode>auto</ImeMode>
              <ValidForReadApi>1</ValidForReadApi>
              <IsCustomField>0</IsCustomField>
              <IsAuditEnabled>1</IsAuditEnabled>
              <IsSecured>0</IsSecured>
              <IntroducedVersion>1.0.0.0</IntroducedVersion>
              <IsCustomizable>1</IsCustomizable>
              <IsRenameable>1</IsRenameable>
              <CanModifySearchSettings>1</CanModifySearchSettings>
              <CanModifyRequirementLevelSettings>1</CanModifyRequirementLevelSettings>
              <CanModifyAdditionalSettings>1</CanModifyAdditionalSettings>
              <ReferencedEntityObjectTypeCode>1019</ReferencedEntityObjectTypeCode>
              <LookupStyle>single</LookupStyle>
              <LookupTypes />
              <displaynames>
                <displayname description="Organization Id" languagecode="1033" />
              </displaynames>
              <Descriptions>
                <Description description="Unique identifier for the organization" languagecode="1033" />
              </Descriptions>
            </attribute>
            <attribute PhysicalName="OverriddenCreatedOn">
              <Type>datetime</Type>
              <Name>overriddencreatedon</Name>
              <LogicalName>overriddencreatedon</LogicalName>
              <RequiredLevel>none</RequiredLevel>
              <DisplayMask>ValidForAdvancedFind|ValidForGrid</DisplayMask>
              <ImeMode>inactive</ImeMode>
              <ValidForReadApi>1</ValidForReadApi>
              <ValidForCreateApi>1</ValidForCreateApi>
              <IsCustomField>0</IsCustomField>
              <IsAuditEnabled>1</IsAuditEnabled>
              <IsSecured>0</IsSecured>
              <IntroducedVersion>1.0.0.0</IntroducedVersion>
              <IsCustomizable>1</IsCustomizable>
              <IsRenameable>1</IsRenameable>
              <CanModifySearchSettings>1</CanModifySearchSettings>
              <CanModifyRequirementLevelSettings>1</CanModifyRequirementLevelSettings>
              <CanModifyAdditionalSettings>1</CanModifyAdditionalSettings>
              <Format>date</Format>
              <displaynames>
                <displayname description="Record Created On" languagecode="1033" />
              </displaynames>
              <Descriptions>
                <Description description="Date and time that the record was migrated." languagecode="1033" />
              </Descriptions>
            </attribute>
            <attribute PhysicalName="statecode">
              <Type>state</Type>
              <Name>statecode</Name>
              <LogicalName>statecode</LogicalName>
              <RequiredLevel>systemrequired</RequiredLevel>
              <DisplayMask>ValidForAdvancedFind|ValidForForm|ValidForGrid</DisplayMask>
              <ImeMode>auto</ImeMode>
              <ValidForReadApi>1</ValidForReadApi>
              <IsCustomField>0</IsCustomField>
              <IsAuditEnabled>1</IsAuditEnabled>
              <IsSecured>0</IsSecured>
              <IntroducedVersion>1.0.0.0</IntroducedVersion>
              <IsCustomizable>1</IsCustomizable>
              <IsRenameable>1</IsRenameable>
              <CanModifySearchSettings>1</CanModifySearchSettings>
              <CanModifyRequirementLevelSettings>1</CanModifyRequirementLevelSettings>
              <CanModifyAdditionalSettings>1</CanModifyAdditionalSettings>
              <optionset Name="cel_autonumber_statecode">
                <OptionSetType>state</OptionSetType>
                <IntroducedVersion>0.9.3</IntroducedVersion>
                <IsCustomizable>1</IsCustomizable>
                <displaynames>
                  <displayname description="Status" languagecode="1033" />
                </displaynames>
                <Descriptions>
                  <Description description="Status of the Auto Number" languagecode="1033" />
                </Descriptions>
                <states>
                  <state value="0" defaultstatus="1" invariantname="Active">
                    <labels>
                      <label description="Active" languagecode="1033" />
                    </labels>
                  </state>
                  <state value="1" defaultstatus="2" invariantname="Inactive">
                    <labels>
                      <label description="Inactive" languagecode="1033" />
                    </labels>
                  </state>
                </states>
              </optionset>
              <displaynames>
                <displayname description="Status" languagecode="1033" />
              </displaynames>
              <Descriptions>
                <Description description="Status of the Auto Number" languagecode="1033" />
              </Descriptions>
            </attribute>
            <attribute PhysicalName="statuscode">
              <Type>status</Type>
              <Name>statuscode</Name>
              <LogicalName>statuscode</LogicalName>
              <RequiredLevel>none</RequiredLevel>
              <DisplayMask>ValidForAdvancedFind|ValidForForm|ValidForGrid</DisplayMask>
              <ImeMode>auto</ImeMode>
              <ValidForUpdateApi>1</ValidForUpdateApi>
              <ValidForReadApi>1</ValidForReadApi>
              <ValidForCreateApi>1</ValidForCreateApi>
              <IsCustomField>0</IsCustomField>
              <IsAuditEnabled>1</IsAuditEnabled>
              <IsSecured>0</IsSecured>
              <IntroducedVersion>1.0.0.0</IntroducedVersion>
              <IsCustomizable>1</IsCustomizable>
              <IsRenameable>1</IsRenameable>
              <CanModifySearchSettings>1</CanModifySearchSettings>
              <CanModifyRequirementLevelSettings>1</CanModifyRequirementLevelSettings>
              <CanModifyAdditionalSettings>1</CanModifyAdditionalSettings>
              <optionset Name="cel_autonumber_statuscode">
                <OptionSetType>status</OptionSetType>
                <IntroducedVersion>0.9.3</IntroducedVersion>
                <IsCustomizable>1</IsCustomizable>
                <displaynames>
                  <displayname description="Status Reason" languagecode="1033" />
                </displaynames>
                <Descriptions>
                  <Description description="Reason for the status of the Auto Number" languagecode="1033" />
                </Descriptions>
                <statuses>
                  <status value="1" state="0">
                    <labels>
                      <label description="Active" languagecode="1033" />
                    </labels>
                  </status>
                  <status value="2" state="1">
                    <labels>
                      <label description="Inactive" languagecode="1033" />
                    </labels>
                  </status>
                </statuses>
              </optionset>
              <displaynames>
                <displayname description="Status Reason" languagecode="1033" />
              </displaynames>
              <Descriptions>
                <Description description="Reason for the status of the Auto Number" languagecode="1033" />
              </Descriptions>
            </attribute>
            <attribute PhysicalName="TimeZoneRuleVersionNumber">
              <Type>int</Type>
              <Name>timezoneruleversionnumber</Name>
              <LogicalName>timezoneruleversionnumber</LogicalName>
              <RequiredLevel>none</RequiredLevel>
              <ImeMode>auto</ImeMode>
              <ValidForUpdateApi>1</ValidForUpdateApi>
              <ValidForReadApi>1</ValidForReadApi>
              <ValidForCreateApi>1</ValidForCreateApi>
              <IsCustomField>0</IsCustomField>
              <IsAuditEnabled>0</IsAuditEnabled>
              <IsSecured>0</IsSecured>
              <IntroducedVersion>1.0.0.0</IntroducedVersion>
              <IsCustomizable>1</IsCustomizable>
              <IsRenameable>1</IsRenameable>
              <CanModifySearchSettings>1</CanModifySearchSettings>
              <CanModifyRequirementLevelSettings>1</CanModifyRequirementLevelSettings>
              <CanModifyAdditionalSettings>1</CanModifyAdditionalSettings>
              <Format></Format>
              <MinValue>-1</MinValue>
              <MaxValue>2147483647</MaxValue>
              <displaynames>
                <displayname description="Time Zone Rule Version Number" languagecode="1033" />
              </displaynames>
              <Descriptions>
                <Description description="For internal use only." languagecode="1033" />
              </Descriptions>
            </attribute>
            <attribute PhysicalName="UTCConversionTimeZoneCode">
              <Type>int</Type>
              <Name>utcconversiontimezonecode</Name>
              <LogicalName>utcconversiontimezonecode</LogicalName>
              <RequiredLevel>none</RequiredLevel>
              <ImeMode>auto</ImeMode>
              <ValidForUpdateApi>1</ValidForUpdateApi>
              <ValidForReadApi>1</ValidForReadApi>
              <ValidForCreateApi>1</ValidForCreateApi>
              <IsCustomField>0</IsCustomField>
              <IsAuditEnabled>0</IsAuditEnabled>
              <IsSecured>0</IsSecured>
              <IntroducedVersion>1.0.0.0</IntroducedVersion>
              <IsCustomizable>1</IsCustomizable>
              <IsRenameable>1</IsRenameable>
              <CanModifySearchSettings>1</CanModifySearchSettings>
              <CanModifyRequirementLevelSettings>1</CanModifyRequirementLevelSettings>
              <CanModifyAdditionalSettings>1</CanModifyAdditionalSettings>
              <Format></Format>
              <MinValue>-1</MinValue>
              <MaxValue>2147483647</MaxValue>
              <displaynames>
                <displayname description="UTC Conversion Time Zone Code" languagecode="1033" />
              </displaynames>
              <Descriptions>
                <Description description="Time zone code that was in use when the record was created." languagecode="1033" />
              </Descriptions>
            </attribute>
          </attributes>
          <IsDuplicateCheckSupported>0</IsDuplicateCheckSupported>
          <IsBusinessProcessEnabled>0</IsBusinessProcessEnabled>
          <IsRequiredOffline>0</IsRequiredOffline>
          <IsCollaboration>0</IsCollaboration>
          <AutoRouteToOwnerQueue>0</AutoRouteToOwnerQueue>
          <IsConnectionsEnabled>0</IsConnectionsEnabled>
          <IsDocumentManagementEnabled>0</IsDocumentManagementEnabled>
          <OwnershipTypeMask>OrgOwned</OwnershipTypeMask>
          <IsAuditEnabled>1</IsAuditEnabled>
          <IsActivity>0</IsActivity>
          <ActivityTypeMask></ActivityTypeMask>
          <IsActivityParty>0</IsActivityParty>
          <IsReplicated>0</IsReplicated>
          <IsReplicationUserFiltered>0</IsReplicationUserFiltered>
          <IsMailMergeEnabled>0</IsMailMergeEnabled>
          <IsVisibleInMobile>0</IsVisibleInMobile>
          <IsVisibleInMobileClient>0</IsVisibleInMobileClient>
          <IsReadOnlyInMobileClient>0</IsReadOnlyInMobileClient>
          <IsMapiGridEnabled>1</IsMapiGridEnabled>
          <IsReadingPaneEnabled>0</IsReadingPaneEnabled>
          <IsQuickCreateEnabled>0</IsQuickCreateEnabled>
          <IntroducedVersion>1.0.0.0</IntroducedVersion>
          <IsCustomizable>1</IsCustomizable>
          <IsRenameable>1</IsRenameable>
          <IsMappable>1</IsMappable>
          <CanModifyAuditSettings>1</CanModifyAuditSettings>
          <CanModifyMobileVisibility>1</CanModifyMobileVisibility>
          <CanModifyMobileClientVisibility>1</CanModifyMobileClientVisibility>
          <CanModifyMobileClientReadOnly>1</CanModifyMobileClientReadOnly>
          <CanModifyConnectionSettings>1</CanModifyConnectionSettings>
          <CanModifyDuplicateDetectionSettings>1</CanModifyDuplicateDetectionSettings>
          <CanModifyMailMergeSettings>1</CanModifyMailMergeSettings>
          <CanModifyQueueSettings>1</CanModifyQueueSettings>
          <CanCreateAttributes>1</CanCreateAttributes>
          <CanCreateForms>1</CanCreateForms>
          <CanCreateCharts>1</CanCreateCharts>
          <CanCreateViews>1</CanCreateViews>
          <CanModifyAdditionalSettings>1</CanModifyAdditionalSettings>
          <IconMediumName>cel_autonumber32.png</IconMediumName>
          <IconSmallName>cel_autonumber16.png</IconSmallName>
        </entity>
      </EntityInfo>
      <FormXml>
        <forms type="main">
          <systemform>
            <formid>{e8dce8ec-50b7-4d1f-b725-6131f129175e}</formid>
            <IntroducedVersion>1.0.0.0</IntroducedVersion>
            <FormPresentation>1</FormPresentation>
            <FormActivationState>1</FormActivationState>
            <form shownavigationbar="true" showImage="false" maxWidth="1900">
              <tabs>
                <tab verticallayout="true" id="{9f1d58f2-38cb-4f60-9d64-58383b689b65}" IsUserDefined="1">
                  <labels>
                    <label description="General" languagecode="1033" />
                  </labels>
                  <columns>
                    <column width="100%">
                      <sections>
                        <section showlabel="false" showbar="false" IsUserDefined="0" id="{25389c8e-4290-4139-a2cd-854fcf54b814}" name="{25389c8e-4290-4139-a2cd-854fcf54b814}" columns="111" locklevel="0" labelwidth="130" celllabelalignment="Left" celllabelposition="Left">
                          <labels>
                            <label description="General" languagecode="1033" />
                          </labels>
                          <rows>
                            <row>
                              <cell id="{7e388d7b-b69c-34b7-71e8-b6b230373a9d}" showlabel="true" locklevel="0">
                                <labels>
                                  <label description="" languagecode="1033" />
                                </labels>
                                <control id="cel_entityname" classid="{4273EDBD-AC1D-40d3-9FB2-095C621B552D}" datafieldname="cel_entityname" disabled="false" />
                              </cell>
                              <cell id="{597de3de-84cb-e042-cb1a-b43a27a73102}" showlabel="true" locklevel="0">
                                <labels>
                                  <label description="" languagecode="1033" />
                                </labels>
                                <control id="cel_attributename" classid="{4273EDBD-AC1D-40d3-9FB2-095C621B552D}" datafieldname="cel_attributename" disabled="false" />
                              </cell>
                              <cell id="{04890a45-8cbe-8dca-8701-0c8578cbaac2}" showlabel="false">
                                <labels>
                                  <label description="" languagecode="1033" />
                                </labels>
                              </cell>
                            </row>
                            <row>
                              <cell id="{9752b80e-5721-1759-d215-a4c0ab7d4732}" showlabel="true" locklevel="0">
                                <labels>
                                  <label description="Number of Digits" languagecode="1033" />
                                </labels>
                                <control id="cel_digits" classid="{C6D124CA-7EDA-4a60-AEA9-7FB8D318B68F}" datafieldname="cel_digits" disabled="false" />
                              </cell>
                              <cell id="{b2837812-a7d9-c17c-3a83-2c28933e8011}" showlabel="true" locklevel="0">
                                <labels>
                                  <label description="" languagecode="1033" />
                                </labels>
                                <control id="cel_nextnumber" classid="{C6D124CA-7EDA-4a60-AEA9-7FB8D318B68F}" datafieldname="cel_nextnumber" disabled="false" />
                              </cell>
                              <cell id="{abd470d4-dd37-d400-d2b1-9711c1363c9d}" showlabel="false">
                                <labels>
                                  <label description="" languagecode="1033" />
                                </labels>
                              </cell>
                            </row>
                            <row>
                              <cell id="{916c93e7-cd73-4bd1-70b3-e094115ba922}" showlabel="true" locklevel="0">
                                <labels>
                                  <label description="" languagecode="1033" />
                                </labels>
                                <control id="cel_prefix" classid="{4273EDBD-AC1D-40d3-9FB2-095C621B552D}" datafieldname="cel_prefix" disabled="false" />
                              </cell>
                              <cell id="{bacbd2d2-c247-76c4-6853-e668b28a0541}" showlabel="true" locklevel="0">
                                <labels>
                                  <label description="" languagecode="1033" />
                                </labels>
                                <control id="cel_suffix" classid="{4273EDBD-AC1D-40d3-9FB2-095C621B552D}" datafieldname="cel_suffix" disabled="false" />
                              </cell>
                              <cell id="{cd636cc8-6ce1-4497-eb03-00c45b92540d}" showlabel="false">
                                <labels>
                                  <label description="" languagecode="1033" />
                                </labels>
                              </cell>
                            </row>
                            <row>
                              <cell id="{660b1875-0820-c62a-6a3b-4e9cc545d81e}" showlabel="true" locklevel="0">
                                <labels>
                                  <label description="" languagecode="1033" />
                                </labels>
                                <control id="cel_conditionaloptionset" classid="{4273EDBD-AC1D-40d3-9FB2-095C621B552D}" datafieldname="cel_conditionaloptionset" disabled="false" />
                              </cell>
                              <cell id="{82d4c5d1-151a-aa0a-2d7e-63ca29b2ad90}" showlabel="true" locklevel="0">
                                <labels>
                                  <label description="" languagecode="1033" />
                                </labels>
                                <control id="cel_conditionalvalue" classid="{C6D124CA-7EDA-4a60-AEA9-7FB8D318B68F}" datafieldname="cel_conditionalvalue" disabled="false" />
                              </cell>
                              <cell id="{ead652a4-9294-8516-531b-7b64d4b4b8c6}" showlabel="false">
                                <labels>
                                  <label description="" languagecode="1033" />
                                </labels>
                              </cell>
                            </row>
                            <row>
                              <cell id="{5d5e8e99-a28d-4b8a-22ac-1bc7973a7bda}" showlabel="true" locklevel="0" colspan="2">
                                <labels>
                                  <label description="" languagecode="1033" />
                                </labels>
                                <control id="cel_preview" classid="{4273EDBD-AC1D-40d3-9FB2-095C621B552D}" datafieldname="cel_preview" disabled="true" />
                              </cell>
                              <cell id="{4e214c60-8358-5ab8-4ec0-716e8cb95810}" showlabel="false">
                                <labels>
                                  <label description="" languagecode="1033" />
                                </labels>
                              </cell>
                            </row>
                            <row>
                              <cell id="{85426eda-ae40-4c33-9b73-7105b9a59227}" showlabel="true" locklevel="0" visible="false">
                                <labels>
                                  <label description="" languagecode="1033" />
                                </labels>
                                <control id="cel_name" classid="{4273EDBD-AC1D-40d3-9FB2-095C621B552D}" datafieldname="cel_name" disabled="false" />
                              </cell>
                              <cell id="{1d968c8a-e349-9436-9e91-b994b4009798}" showlabel="false">
                                <labels>
                                  <label description="" languagecode="1033" />
                                </labels>
                              </cell>
                              <cell id="{6c626732-4562-03b7-bb92-42189e18142a}" showlabel="false">
                                <labels>
                                  <label description="" languagecode="1033" />
                                </labels>
                              </cell>
                            </row>
                          </rows>
                        </section>
                      </sections>
                    </column>
                  </columns>
                </tab>
              </tabs>
              <Navigation>
                <NavBar></NavBar>
                <NavBarAreas>
                  <NavBarArea Id="Info">
                    <Titles>
                      <Title LCID="1033" Text="Common" />
                    </Titles>
                  </NavBarArea>
                  <NavBarArea Id="Sales">
                    <Titles>
                      <Title LCID="1033" Text="Sales" />
                    </Titles>
                  </NavBarArea>
                  <NavBarArea Id="Service">
                    <Titles>
                      <Title LCID="1033" Text="Service" />
                    </Titles>
                  </NavBarArea>
                  <NavBarArea Id="Marketing">
                    <Titles>
                      <Title LCID="1033" Text="Marketing" />
                    </Titles>
                  </NavBarArea>
                  <NavBarArea Id="ProcessCenter">
                    <Titles>
                      <Title LCID="1033" Text="Process Sessions" />
                    </Titles>
                  </NavBarArea>
                </NavBarAreas>
              </Navigation>
              <formLibraries>
                <Library name="cel_autonumber.js" libraryUniqueId="{c80a922d-d980-ce65-d6d9-d917db0e5ad7}" />
              </formLibraries>
              <events>
                <event name="onload" application="false" active="false">
                  <Handlers>
                    <Handler handlerUniqueId="{e4631e84-7166-2a8e-9e77-855beb1b8841}" functionName="CeledonPartners.AutoNumberOnload" libraryName="cel_autonumber.js" enabled="true" passExecutionContext="false" parameters="" />
                  </Handlers>
                </event>
                <event name="onchange" application="false" active="false" attribute="cel_prefix">
                  <Handlers>
                    <Handler functionName="CeledonPartners.GeneratePreview" libraryName="cel_autonumber.js" handlerUniqueId="{dacc428e-ce02-d857-3107-a9e826edc2bc}" enabled="true" parameters="" passExecutionContext="false" />
                  </Handlers>
                </event>
                <event name="onchange" application="false" active="false" attribute="cel_suffix">
                  <Handlers>
                    <Handler functionName="CeledonPartners.GeneratePreview" libraryName="cel_autonumber.js" handlerUniqueId="{aac03a80-5190-d1e0-e513-9b5d76758b73}" enabled="true" parameters="" passExecutionContext="false" />
                  </Handlers>
                </event>
                <event name="onchange" application="false" active="false" attribute="cel_digits">
                  <Handlers>
                    <Handler functionName="CeledonPartners.GeneratePreview" libraryName="cel_autonumber.js" handlerUniqueId="{05986da2-8c4b-5774-d80c-adadc40b3b4d}" enabled="true" parameters="" passExecutionContext="false" />
                  </Handlers>
                </event>
                <event name="onchange" application="false" active="false" attribute="cel_nextnumber">
                  <Handlers>
                    <Handler functionName="CeledonPartners.GeneratePreview" libraryName="cel_autonumber.js" handlerUniqueId="{ab0c1d16-dc95-a999-2639-c9c56e2829a5}" enabled="true" parameters="" passExecutionContext="false" />
                  </Handlers>
                </event>
              </events>
            </form>
            <IsCustomizable>1</IsCustomizable>
            <CanBeDeleted>1</CanBeDeleted>
            <LocalizedNames>
              <LocalizedName description="Information" languagecode="1033" />
            </LocalizedNames>
            <Descriptions>
              <Description description="A form for this entity." languagecode="1033" />
            </Descriptions>
          </systemform>
        </forms>
        <forms type="mobile">
          <systemform>
            <formid>{cb2fa5db-b30e-4233-a597-e699960fee5c}</formid>
            <IntroducedVersion>1.0.0.0</IntroducedVersion>
            <FormPresentation>0</FormPresentation>
            <FormActivationState>1</FormActivationState>
            <form>
              <tabs>
                <tab name="general" verticallayout="true" id="{ff27ae73-cc59-40c8-9f01-847ebbbd1b45}" IsUserDefined="0">
                  <labels>
                    <label description="" languagecode="1033" />
                  </labels>
                  <columns>
                    <column width="100%">
                      <sections>
                        <section name="account information" showlabel="false" showbar="false" id="{4cfbedd0-60a9-491c-93c5-461b04364a89}" IsUserDefined="0">
                          <labels>
                            <label description="" languagecode="1033" />
                          </labels>
                          <rows>
                            <row>
                              <cell id="{d840e5d2-ea84-4a1e-9946-6a2fc3c65b2c}">
                                <labels>
                                  <label description="" languagecode="1033" />
                                </labels>
                                <control id="cel_name" classid="{4273EDBD-AC1D-40d3-9FB2-095C621B552D}" datafieldname="cel_name" disabled="false" />
                              </cell>
                              <cell id="{a4b7c730-0198-437e-93db-0c9e1ef43d8d}">
                                <labels>
                                  <label description="" languagecode="1033" />
                                </labels>
                                <control id="statecode" classid="{3EF39988-22BB-4f0b-BBBE-64B5A3748AEE}" datafieldname="statecode" disabled="false" />
                              </cell>
                            </row>
                          </rows>
                        </section>
                      </sections>
                    </column>
                  </columns>
                </tab>
              </tabs>
            </form>
            <IsCustomizable>1</IsCustomizable>
            <CanBeDeleted>1</CanBeDeleted>
            <LocalizedNames>
              <LocalizedName description="Information" languagecode="1033" />
            </LocalizedNames>
            <Descriptions>
              <Description description="This is the form that is displayed for the CRM Mobile application." languagecode="1033" />
            </Descriptions>
          </systemform>
        </forms>
      </FormXml>
      <SavedQueries>
        <savedqueries>
          <savedquery>
            <IsCustomizable>1</IsCustomizable>
            <CanBeDeleted>0</CanBeDeleted>
            <isquickfindquery>0</isquickfindquery>
            <isprivate>0</isprivate>
            <isdefault>1</isdefault>
            <returnedtypecode>10007</returnedtypecode>
            <savedqueryid>{ab1d7aa3-a339-4d13-b28f-a956cf6e6e28}</savedqueryid>
            <layoutxml>
              <grid name="resultset" object="10007" jump="cel_name" select="1" icon="1" preview="1">
                <row name="result" id="cel_autonumberid">
                  <cell name="cel_name" width="300" />
                  <cell name="cel_entityname" width="100" />
                  <cell name="cel_attributename" width="100" />
                  <cell name="cel_preview" width="100" />
                  <cell name="createdon" width="125" />
                </row>
              </grid>
            </layoutxml>
            <querytype>0</querytype>
            <fetchxml>
              <fetch version="1.0" mapping="logical">
                <entity name="cel_autonumber">
                  <attribute name="cel_name" />
                  <attribute name="createdon" />
                  <order attribute="cel_name" descending="false" />
                  <filter type="and">
                    <condition attribute="statecode" operator="eq" value="0" />
                  </filter>
                  <attribute name="cel_preview" />
                  <attribute name="cel_entityname" />
                  <attribute name="cel_attributename" />
                  <attribute name="cel_autonumberid" />
                </entity>
              </fetch>
            </fetchxml>
            <IntroducedVersion>1.0.0.0</IntroducedVersion>
            <LocalizedNames>
              <LocalizedName description="Active Auto Number" languagecode="1033" />
            </LocalizedNames>
          </savedquery>
          <savedquery>
            <IsCustomizable>1</IsCustomizable>
            <CanBeDeleted>0</CanBeDeleted>
            <isquickfindquery>0</isquickfindquery>
            <isprivate>0</isprivate>
            <isdefault>1</isdefault>
            <returnedtypecode>10007</returnedtypecode>
            <savedqueryid>{4b943f7d-8c42-4032-84b9-7a95a7d2f1fa}</savedqueryid>
            <layoutxml>
              <grid name="resultset" object="10007" jump="cel_name" select="1" icon="1" preview="1">
                <row name="result" id="cel_autonumberid">
                  <cell name="cel_name" width="300" />
                  <cell name="cel_attributename" width="100" />
                  <cell name="cel_entityname" width="100" />
                  <cell name="createdon" width="125" />
                </row>
              </grid>
            </layoutxml>
            <querytype>1</querytype>
            <fetchxml>
              <fetch version="1.0" mapping="logical">
                <entity name="cel_autonumber">
                  <attribute name="cel_name" />
                  <attribute name="createdon" />
                  <order attribute="cel_name" descending="false" />
                  <attribute name="cel_entityname" />
                  <attribute name="cel_attributename" />
                  <attribute name="cel_autonumberid" />
                </entity>
              </fetch>
            </fetchxml>
            <IntroducedVersion>1.0.0.0</IntroducedVersion>
            <LocalizedNames>
              <LocalizedName description="Auto Number Advanced Find View" languagecode="1033" />
            </LocalizedNames>
          </savedquery>
          <savedquery>
            <IsCustomizable>1</IsCustomizable>
            <CanBeDeleted>0</CanBeDeleted>
            <isquickfindquery>0</isquickfindquery>
            <isprivate>0</isprivate>
            <isdefault>1</isdefault>
            <returnedtypecode>10007</returnedtypecode>
            <savedqueryid>{2ad7ff40-d7a6-46a2-96aa-1360e34c87e5}</savedqueryid>
            <layoutxml>
              <grid name="" object="10007" jump="cel_name" select="1" icon="1" preview="1">
                <row name="cel_autonumber" id="cel_autonumberid">
                  <cell name="cel_name" width="300" />
                  <cell name="createdon" width="125" />
                </row>
              </grid>
            </layoutxml>
            <querytype>2</querytype>
            <fetchxml>
              <fetch version="1.0" mapping="logical">
                <entity name="cel_autonumber">
                  <attribute name="cel_autonumberid" />
                  <attribute name="cel_name" />
                  <attribute name="createdon" />
                  <order attribute="cel_name" descending="false" />
                  <filter type="and">
                    <condition attribute="statecode" operator="eq" value="0" />
                  </filter>
                </entity>
              </fetch>
            </fetchxml>
            <IntroducedVersion>1.0.0.0</IntroducedVersion>
            <LocalizedNames>
              <LocalizedName description="Auto Number Associated View" languagecode="1033" />
            </LocalizedNames>
          </savedquery>
          <savedquery>
            <IsCustomizable>1</IsCustomizable>
            <CanBeDeleted>0</CanBeDeleted>
            <isquickfindquery>0</isquickfindquery>
            <isprivate>0</isprivate>
            <isdefault>1</isdefault>
            <returnedtypecode>10007</returnedtypecode>
            <savedqueryid>{5addd1cc-3228-4d67-b591-a33ed0b55b56}</savedqueryid>
            <layoutxml>
              <grid name="" object="10007" jump="cel_name" select="1" icon="1" preview="0">
                <row name="cel_autonumber" id="cel_autonumberid">
                  <cell name="cel_name" width="300" />
                  <cell name="createdon" width="125" />
                </row>
              </grid>
            </layoutxml>
            <querytype>64</querytype>
            <fetchxml>
              <fetch version="1.0" mapping="logical">
                <entity name="cel_autonumber">
                  <attribute name="cel_autonumberid" />
                  <attribute name="cel_name" />
                  <attribute name="createdon" />
                  <filter type="and">
                    <condition attribute="statecode" operator="eq" value="0" />
                  </filter>
                </entity>
              </fetch>
            </fetchxml>
            <IntroducedVersion>1.0.0.0</IntroducedVersion>
            <LocalizedNames>
              <LocalizedName description="Auto Number Lookup View" languagecode="1033" />
            </LocalizedNames>
          </savedquery>
          <savedquery>
            <IsCustomizable>1</IsCustomizable>
            <CanBeDeleted>1</CanBeDeleted>
            <isquickfindquery>0</isquickfindquery>
            <isprivate>0</isprivate>
            <isdefault>1</isdefault>
            <returnedtypecode>10007</returnedtypecode>
            <savedqueryid>{f423d178-91a6-e411-86b2-000c29af921b}</savedqueryid>
            <querytype>8192</querytype>
            <fetchxml>
              <fetch version="1.0" mapping="logical" output-format="xml-platform">
                <entity name="cel_autonumber">
                  <attribute name="cel_autonumberid" />
                  <filter type="and">
                    <condition attribute="statecode" operator="eq" value="0" />
                  </filter>
                </entity>
              </fetch>
            </fetchxml>
            <IntroducedVersion>1.0.0.0</IntroducedVersion>
            <LocalizedNames>
              <LocalizedName description="Auto Number" languagecode="1033" />
            </LocalizedNames>
          </savedquery>
          <savedquery>
            <IsCustomizable>1</IsCustomizable>
            <CanBeDeleted>0</CanBeDeleted>
            <isquickfindquery>0</isquickfindquery>
            <isprivate>0</isprivate>
            <isdefault>0</isdefault>
            <returnedtypecode>10007</returnedtypecode>
            <savedqueryid>{80375157-5e3b-440d-a2f3-150326889cf7}</savedqueryid>
            <layoutxml>
              <grid name="resultset" object="10007" jump="cel_name" select="1" icon="1" preview="1">
                <row name="result" id="cel_autonumberid">
                  <cell name="cel_name" width="300" />
                  <cell name="cel_entityname" width="100" />
                  <cell name="cel_attributename" width="100" />
                  <cell name="cel_preview" width="100" />
                  <cell name="createdon" width="125" />
                </row>
              </grid>
            </layoutxml>
            <querytype>0</querytype>
            <fetchxml>
              <fetch version="1.0" mapping="logical">
                <entity name="cel_autonumber">
                  <attribute name="cel_name" />
                  <attribute name="createdon" />
                  <order attribute="cel_name" descending="false" />
                  <filter type="and">
                    <condition attribute="statecode" operator="eq" value="1" />
                  </filter>
                  <attribute name="cel_preview" />
                  <attribute name="cel_entityname" />
                  <attribute name="cel_attributename" />
                  <attribute name="cel_autonumberid" />
                </entity>
              </fetch>
            </fetchxml>
            <IntroducedVersion>1.0.0.0</IntroducedVersion>
            <LocalizedNames>
              <LocalizedName description="Inactive Auto Number" languagecode="1033" />
            </LocalizedNames>
          </savedquery>
          <savedquery>
            <IsCustomizable>1</IsCustomizable>
            <CanBeDeleted>0</CanBeDeleted>
            <isquickfindquery>1</isquickfindquery>
            <isprivate>0</isprivate>
            <isdefault>1</isdefault>
            <returnedtypecode>10007</returnedtypecode>
            <savedqueryid>{dec87980-301a-4955-b370-3a4665a66e6c}</savedqueryid>
            <layoutxml>
              <grid name="resultset" object="10007" jump="cel_name" select="1" icon="1" preview="1">
                <row name="result" id="cel_autonumberid">
                  <cell name="cel_name" width="300" />
                  <cell name="cel_entityname" width="100" />
                  <cell name="cel_attributename" width="100" />
                  <cell name="cel_preview" width="100" />
                  <cell name="createdon" width="125" />
                </row>
              </grid>
            </layoutxml>
            <querytype>4</querytype>
            <fetchxml>
              <fetch version="1.0" mapping="logical">
                <entity name="cel_autonumber">
                  <attribute name="cel_name" />
                  <attribute name="createdon" />
                  <order attribute="cel_name" descending="false" />
                  <filter type="and">
                    <condition attribute="statecode" operator="eq" value="0" />
                  </filter>
                  <filter type="or" isquickfindfields="1">
                    <condition attribute="cel_name" operator="like" value="{0}" />
                    <condition attribute="cel_entityname" operator="like" value="{0}" />
                    <condition attribute="cel_attributename" operator="like" value="{0}" />
                  </filter>
                  <attribute name="cel_preview" />
                  <attribute name="cel_entityname" />
                  <attribute name="cel_attributename" />
                  <attribute name="cel_autonumberid" />
                </entity>
              </fetch>
            </fetchxml>
            <IntroducedVersion>1.0.0.0</IntroducedVersion>
            <LocalizedNames>
              <LocalizedName description="Quick Find Active Auto Number" languagecode="1033" />
            </LocalizedNames>
          </savedquery>
        </savedqueries>
      </SavedQueries>
      <RibbonDiffXml>
        <CustomActions />
        <Templates>
          <RibbonTemplates Id="Mscrm.Templates"></RibbonTemplates>
        </Templates>
        <CommandDefinitions />
        <RuleDefinitions>
          <TabDisplayRules />
          <DisplayRules />
          <EnableRules />
        </RuleDefinitions>
        <LocLabels />
      </RibbonDiffXml>
    </Entity>
  </Entities>
  <Roles></Roles>
  <Workflows>
    <Workflow WorkflowId="{c23c5f2b-72a9-e411-b865-000c29af921b}" Name="Set Conditional Value Not Required">
      <XamlFileName>/Workflows/SetConditionalValueNotRequired-C23C5F2B-72A9-E411-B865-000C29AF921B.xaml</XamlFileName>
      <Type>1</Type>
      <Subprocess>0</Subprocess>
      <Category>2</Category>
      <Mode>1</Mode>
      <Scope>4</Scope>
      <OnDemand>0</OnDemand>
      <TriggerOnCreate>0</TriggerOnCreate>
      <TriggerOnDelete>0</TriggerOnDelete>
      <AsyncAutodelete>0</AsyncAutodelete>
      <SyncWorkflowLogOnFailure>0</SyncWorkflowLogOnFailure>
      <StateCode>1</StateCode>
      <StatusCode>2</StatusCode>
      <RunAs>1</RunAs>
      <IsTransacted>1</IsTransacted>
      <IntroducedVersion>0.9.2</IntroducedVersion>
      <IsCustomizable>1</IsCustomizable>
      <PrimaryEntity>cel_autonumber</PrimaryEntity>
      <ProcessTriggers>
        <ProcessTrigger processtriggerid="{cb3c5f2b-72a9-e411-b865-000c29af921b}">
          <event>load</event>
          <iscustomizable>1</iscustomizable>
          <primaryentitytypecode>cel_autonumber</primaryentitytypecode>
        </ProcessTrigger>
        <ProcessTrigger processtriggerid="{cc3c5f2b-72a9-e411-b865-000c29af921b}">
          <controltype>1</controltype>
          <controlname>cel_conditionaloptionset</controlname>
          <event>change</event>
          <iscustomizable>1</iscustomizable>
          <primaryentitytypecode>cel_autonumber</primaryentitytypecode>
        </ProcessTrigger>
      </ProcessTriggers>
    </Workflow>
    <Workflow WorkflowId="{7676e408-72a9-e411-b865-000c29af921b}" Name="Set Conditional Value Required">
      <XamlFileName>/Workflows/SetConditionalValueRequired-7676E408-72A9-E411-B865-000C29AF921B.xaml</XamlFileName>
      <Type>1</Type>
      <Subprocess>0</Subprocess>
      <Category>2</Category>
      <Mode>1</Mode>
      <Scope>4</Scope>
      <OnDemand>0</OnDemand>
      <TriggerOnCreate>0</TriggerOnCreate>
      <TriggerOnDelete>0</TriggerOnDelete>
      <AsyncAutodelete>0</AsyncAutodelete>
      <SyncWorkflowLogOnFailure>0</SyncWorkflowLogOnFailure>
      <StateCode>1</StateCode>
      <StatusCode>2</StatusCode>
      <RunAs>1</RunAs>
      <IsTransacted>1</IsTransacted>
      <IntroducedVersion>0.9.2</IntroducedVersion>
      <IsCustomizable>1</IsCustomizable>
      <PrimaryEntity>cel_autonumber</PrimaryEntity>
      <ProcessTriggers>
        <ProcessTrigger processtriggerid="{8dbbd60f-72a9-e411-b865-000c29af921b}">
          <event>load</event>
          <iscustomizable>1</iscustomizable>
          <primaryentitytypecode>cel_autonumber</primaryentitytypecode>
        </ProcessTrigger>
        <ProcessTrigger processtriggerid="{8ebbd60f-72a9-e411-b865-000c29af921b}">
          <controltype>1</controltype>
          <controlname>cel_conditionaloptionset</controlname>
          <event>change</event>
          <iscustomizable>1</iscustomizable>
          <primaryentitytypecode>cel_autonumber</primaryentitytypecode>
        </ProcessTrigger>
      </ProcessTriggers>
    </Workflow>
  </Workflows>
  <FieldSecurityProfiles></FieldSecurityProfiles>
  <Templates />
  <SiteMap>
    <SiteMap>
      <Area Id="Settings" ResourceId="Area_Settings" ShowGroups="true" Icon="/_imgs/settings_24x24.gif" DescriptionResourceId="Settings_Area_Description" ordinalvalue="3">
        <Group Id="Customizations" ResourceId="Homepage_SystemCustomization" DescriptionResourceId="Homepage_SystemCustomization" ordinalvalue="1">
          <SubArea Entity="cel_autonumber" Id="cel_autonumber" AvailableOffline="false" PassParams="false" ordinalvalue="3" solutionaction="Added" />
        </Group>
      </Area>
    </SiteMap>
  </SiteMap>
  <EntityMaps />
  <EntityRelationships>
    <EntityRelationship Name="cel_autonumber_AsyncOperations">
      <EntityRelationshipType>OneToMany</EntityRelationshipType>
      <IsCustomizable>1</IsCustomizable>
      <IntroducedVersion>1.0.0.0</IntroducedVersion>
      <ReferencingEntityName>AsyncOperation</ReferencingEntityName>
      <ReferencedEntityName>cel_autonumber</ReferencedEntityName>
      <CascadeAssign>NoCascade</CascadeAssign>
      <CascadeDelete>NoCascade</CascadeDelete>
      <CascadeReparent>NoCascade</CascadeReparent>
      <CascadeShare>NoCascade</CascadeShare>
      <CascadeUnshare>NoCascade</CascadeUnshare>
      <ReferencingAttributeName>RegardingObjectId</ReferencingAttributeName>
      <RelationshipDescription>
        <Descriptions>
          <Description description="Unique identifier of the object with which the system job is associated." languagecode="1033" />
        </Descriptions>
      </RelationshipDescription>
      <field name="regardingobjectid" requiredlevel="none" imemode="auto" lookupstyle="single" lookupbrowse="0" format="regarding">
        <IsSecured>0</IsSecured>
        <DisplayMask>ValidForAdvancedFind|ValidForForm|ValidForGrid</DisplayMask>
        <IsAuditEnabled>0</IsAuditEnabled>
        <displaynames>
          <displayname description="Regarding" languagecode="1033" />
        </displaynames>
      </field>
    </EntityRelationship>
    <EntityRelationship Name="cel_autonumber_BulkDeleteFailures">
      <EntityRelationshipType>OneToMany</EntityRelationshipType>
      <IsCustomizable>1</IsCustomizable>
      <IntroducedVersion>1.0.0.0</IntroducedVersion>
      <ReferencingEntityName>BulkDeleteFailure</ReferencingEntityName>
      <ReferencedEntityName>cel_autonumber</ReferencedEntityName>
      <CascadeAssign>NoCascade</CascadeAssign>
      <CascadeDelete>Cascade</CascadeDelete>
      <CascadeReparent>NoCascade</CascadeReparent>
      <CascadeShare>NoCascade</CascadeShare>
      <CascadeUnshare>NoCascade</CascadeUnshare>
      <ReferencingAttributeName>RegardingObjectId</ReferencingAttributeName>
      <RelationshipDescription>
        <Descriptions>
          <Description description="Unique identifier of the record that can not be deleted." languagecode="1033" />
        </Descriptions>
      </RelationshipDescription>
      <field name="regardingobjectid" requiredlevel="none" imemode="auto" lookupstyle="single" lookupbrowse="0" format="regarding">
        <IsSecured>0</IsSecured>
        <DisplayMask>ValidForAdvancedFind|ValidForForm|ValidForGrid</DisplayMask>
        <IsAuditEnabled>0</IsAuditEnabled>
        <displaynames>
          <displayname description="Name" languagecode="1033" />
        </displaynames>
      </field>
    </EntityRelationship>
    <EntityRelationship Name="cel_autonumber_PrincipalObjectAttributeAccesses">
      <EntityRelationshipType>OneToMany</EntityRelationshipType>
      <IsCustomizable>1</IsCustomizable>
      <IntroducedVersion>1.0.0.0</IntroducedVersion>
      <ReferencingEntityName>PrincipalObjectAttributeAccess</ReferencingEntityName>
      <ReferencedEntityName>cel_autonumber</ReferencedEntityName>
      <CascadeAssign>NoCascade</CascadeAssign>
      <CascadeDelete>Cascade</CascadeDelete>
      <CascadeReparent>NoCascade</CascadeReparent>
      <CascadeShare>NoCascade</CascadeShare>
      <CascadeUnshare>NoCascade</CascadeUnshare>
      <ReferencingAttributeName>ObjectId</ReferencingAttributeName>
      <RelationshipDescription>
        <Descriptions>
          <Description description="Unique identifier of the entity instance with shared secured field" languagecode="1033" />
        </Descriptions>
      </RelationshipDescription>
      <field name="objectid" requiredlevel="systemrequired" imemode="auto" lookupstyle="single" lookupbrowse="0" format="regarding">
        <IsSecured>0</IsSecured>
        <DisplayMask>ValidForForm|ValidForGrid</DisplayMask>
        <IsAuditEnabled>1</IsAuditEnabled>
        <displaynames>
          <displayname description="Entity instance" languagecode="1033" />
        </displaynames>
      </field>
    </EntityRelationship>
    <EntityRelationship Name="cel_autonumber_ProcessSession">
      <EntityRelationshipType>OneToMany</EntityRelationshipType>
      <IsCustomizable>1</IsCustomizable>
      <IntroducedVersion>1.0.0.0</IntroducedVersion>
      <ReferencingEntityName>ProcessSession</ReferencingEntityName>
      <ReferencedEntityName>cel_autonumber</ReferencedEntityName>
      <CascadeAssign>NoCascade</CascadeAssign>
      <CascadeDelete>NoCascade</CascadeDelete>
      <CascadeReparent>NoCascade</CascadeReparent>
      <CascadeShare>NoCascade</CascadeShare>
      <CascadeUnshare>NoCascade</CascadeUnshare>
      <ReferencingAttributeName>RegardingObjectId</ReferencingAttributeName>
      <RelationshipDescription>
        <Descriptions>
          <Description description="Unique identifier of the object with which the dialog session is associated." languagecode="1033" />
        </Descriptions>
      </RelationshipDescription>
      <field name="regardingobjectid" requiredlevel="none" imemode="auto" lookupstyle="single" lookupbrowse="0" format="regarding">
        <IsSecured>0</IsSecured>
        <DisplayMask>ValidForAdvancedFind|ValidForGrid</DisplayMask>
        <IsAuditEnabled>0</IsAuditEnabled>
        <displaynames>
          <displayname description="Regarding" languagecode="1033" />
        </displaynames>
      </field>
    </EntityRelationship>
    <EntityRelationship Name="cel_autonumber_UserEntityInstanceDatas">
      <EntityRelationshipType>OneToMany</EntityRelationshipType>
      <IsCustomizable>1</IsCustomizable>
      <IntroducedVersion>1.0.0.0</IntroducedVersion>
      <ReferencingEntityName>UserEntityInstanceData</ReferencingEntityName>
      <ReferencedEntityName>cel_autonumber</ReferencedEntityName>
      <CascadeAssign>NoCascade</CascadeAssign>
      <CascadeDelete>Cascade</CascadeDelete>
      <CascadeReparent>NoCascade</CascadeReparent>
      <CascadeShare>NoCascade</CascadeShare>
      <CascadeUnshare>NoCascade</CascadeUnshare>
      <ReferencingAttributeName>ObjectId</ReferencingAttributeName>
      <RelationshipDescription>
        <Descriptions>
          <Description description="Unique identifier of the source record." languagecode="1033" />
        </Descriptions>
      </RelationshipDescription>
      <field name="objectid" requiredlevel="systemrequired" imemode="auto" lookupstyle="single" lookupbrowse="0" format="">
        <IsSecured>0</IsSecured>
        <DisplayMask>ValidForAdvancedFind|ValidForForm|ValidForGrid|RequiredForForm</DisplayMask>
        <IsAuditEnabled>1</IsAuditEnabled>
        <displaynames>
          <displayname description="Object Id" languagecode="1033" />
        </displaynames>
      </field>
    </EntityRelationship>
    <EntityRelationship Name="lk_cel_autonumber_createdby">
      <EntityRelationshipType>OneToMany</EntityRelationshipType>
      <IsCustomizable>1</IsCustomizable>
      <IntroducedVersion>1.0.0.0</IntroducedVersion>
      <ReferencingEntityName>cel_autonumber</ReferencingEntityName>
      <ReferencedEntityName>SystemUser</ReferencedEntityName>
      <CascadeAssign>NoCascade</CascadeAssign>
      <CascadeDelete>NoCascade</CascadeDelete>
      <CascadeReparent>NoCascade</CascadeReparent>
      <CascadeShare>NoCascade</CascadeShare>
      <CascadeUnshare>NoCascade</CascadeUnshare>
      <ReferencingAttributeName>CreatedBy</ReferencingAttributeName>
      <RelationshipDescription>
        <Descriptions>
          <Description description="Unique identifier of the user who created the record." languagecode="1033" />
        </Descriptions>
      </RelationshipDescription>
      <field name="createdby" requiredlevel="none" imemode="auto" lookupstyle="single" lookupbrowse="0" format="">
        <IsCustomizable>1</IsCustomizable>
        <IsRenameable>1</IsRenameable>
        <CanModifySearchSettings>1</CanModifySearchSettings>
        <CanModifyRequirementLevelSettings>1</CanModifyRequirementLevelSettings>
        <IsSecured>0</IsSecured>
        <DisplayMask>ValidForAdvancedFind|ValidForForm|ValidForGrid</DisplayMask>
        <IsAuditEnabled>0</IsAuditEnabled>
        <displaynames>
          <displayname description="Created By" languagecode="1033" />
        </displaynames>
      </field>
    </EntityRelationship>
    <EntityRelationship Name="lk_cel_autonumber_modifiedby">
      <EntityRelationshipType>OneToMany</EntityRelationshipType>
      <IsCustomizable>1</IsCustomizable>
      <IntroducedVersion>1.0.0.0</IntroducedVersion>
      <ReferencingEntityName>cel_autonumber</ReferencingEntityName>
      <ReferencedEntityName>SystemUser</ReferencedEntityName>
      <CascadeAssign>NoCascade</CascadeAssign>
      <CascadeDelete>NoCascade</CascadeDelete>
      <CascadeReparent>NoCascade</CascadeReparent>
      <CascadeShare>NoCascade</CascadeShare>
      <CascadeUnshare>NoCascade</CascadeUnshare>
      <ReferencingAttributeName>ModifiedBy</ReferencingAttributeName>
      <RelationshipDescription>
        <Descriptions>
          <Description description="Unique identifier of the user who modified the record." languagecode="1033" />
        </Descriptions>
      </RelationshipDescription>
      <field name="modifiedby" requiredlevel="none" imemode="auto" lookupstyle="single" lookupbrowse="0" format="">
        <IsCustomizable>1</IsCustomizable>
        <IsRenameable>1</IsRenameable>
        <CanModifySearchSettings>1</CanModifySearchSettings>
        <CanModifyRequirementLevelSettings>1</CanModifyRequirementLevelSettings>
        <IsSecured>0</IsSecured>
        <DisplayMask>ValidForAdvancedFind|ValidForForm|ValidForGrid</DisplayMask>
        <IsAuditEnabled>0</IsAuditEnabled>
        <displaynames>
          <displayname description="Modified By" languagecode="1033" />
        </displaynames>
      </field>
    </EntityRelationship>
    <EntityRelationship Name="organization_cel_autonumber">
      <EntityRelationshipType>OneToMany</EntityRelationshipType>
      <IsCustomizable>1</IsCustomizable>
      <IntroducedVersion>1.0.0.0</IntroducedVersion>
      <ReferencingEntityName>cel_autonumber</ReferencingEntityName>
      <ReferencedEntityName>Organization</ReferencedEntityName>
      <CascadeAssign>NoCascade</CascadeAssign>
      <CascadeDelete>NoCascade</CascadeDelete>
      <CascadeReparent>NoCascade</CascadeReparent>
      <CascadeShare>NoCascade</CascadeShare>
      <CascadeUnshare>NoCascade</CascadeUnshare>
      <ReferencingAttributeName>OrganizationId</ReferencingAttributeName>
      <RelationshipDescription>
        <Descriptions>
          <Description description="Unique identifier for the organization" languagecode="1033" />
        </Descriptions>
      </RelationshipDescription>
      <field name="organizationid" requiredlevel="none" imemode="auto" lookupstyle="single" lookupbrowse="0" format="">
        <IsCustomizable>1</IsCustomizable>
        <IsRenameable>1</IsRenameable>
        <CanModifySearchSettings>1</CanModifySearchSettings>
        <CanModifyRequirementLevelSettings>1</CanModifyRequirementLevelSettings>
        <IsSecured>0</IsSecured>
        <IsAuditEnabled>1</IsAuditEnabled>
        <displaynames>
          <displayname description="Organization Id" languagecode="1033" />
        </displaynames>
      </field>
    </EntityRelationship>
  </EntityRelationships>
  <OrganizationSettings />
  <optionsets />
  <WebResources>
    <WebResource>
      <WebResourceId>{307d07e7-0b32-e511-80cb-000c29413745}</WebResourceId>
      <Name>cel_autonumber16.png</Name>
      <DisplayName>cel_autonumber16.png</DisplayName>
      <LanguageCode>1033</LanguageCode>
      <WebResourceType>5</WebResourceType>
      <IntroducedVersion>1.0.0</IntroducedVersion>
      <IsCustomizable>1</IsCustomizable>
      <CanBeDeleted>1</CanBeDeleted>
      <IsHidden>0</IsHidden>
      <FileName>/WebResources/cel_autonumber16png307D07E7-0B32-E511-80CB-000C29413745</FileName>
    </WebResource>
    <WebResource>
      <WebResourceId>{405cb4fb-0b32-e511-80cb-000c29413745}</WebResourceId>
      <Name>cel_autonumber32.png</Name>
      <DisplayName>cel_autonumber32.png</DisplayName>
      <LanguageCode>1033</LanguageCode>
      <WebResourceType>5</WebResourceType>
      <IntroducedVersion>1.0.0</IntroducedVersion>
      <IsCustomizable>1</IsCustomizable>
      <CanBeDeleted>1</CanBeDeleted>
      <IsHidden>0</IsHidden>
      <FileName>/WebResources/cel_autonumber32png405CB4FB-0B32-E511-80CB-000C29413745</FileName>
    </WebResource>
    <WebResource>
      <WebResourceId>{90169f16-4fa7-e411-86b2-000c29af921b}</WebResourceId>
      <Name>cel_autonumber.js</Name>
      <DisplayName>cel_autonumber.js</DisplayName>
      <LanguageCode>1033</LanguageCode>
      <WebResourceType>3</WebResourceType>
      <IntroducedVersion>1.0.0.0</IntroducedVersion>
      <IsCustomizable>1</IsCustomizable>
      <CanBeDeleted>1</CanBeDeleted>
      <IsHidden>0</IsHidden>
      <FileName>/WebResources/cel_autonumberjs90169F16-4FA7-E411-86B2-000C29AF921B</FileName>
    </WebResource>
  </WebResources>
  <SolutionPluginAssemblies>
    <PluginAssembly FullName="CeledonPartners.AutoNumber, Version=1.0.0.0, Culture=neutral, PublicKeyToken=ad1329e8e0985d48" CustomizationLevel="1">
      <IsolationMode>2</IsolationMode>
      <SourceType>0</SourceType>
      <IntroducedVersion>1.0</IntroducedVersion>
      <FileName>/PluginAssemblies/CeledonPartnersAutoNumber-7CDCF25D-E722-40D2-BDBA-39563977CFE6/CeledonPartnersAutoNumber.dll</FileName>
      <PluginTypes>
        <PluginType AssemblyQualifiedName="Celedon.CeledonPlugin, CeledonPartners.AutoNumber, Version=1.0.0.0, Culture=neutral, PublicKeyToken=ad1329e8e0985d48" Name="Celedon.CeledonPlugin">
          <FriendlyName>c45b78ee-6f48-4d78-827a-86a6a322defc</FriendlyName>
        </PluginType>
        <PluginType AssemblyQualifiedName="Celedon.CreateAutoNumber, CeledonPartners.AutoNumber, Version=1.0.0.0, Culture=neutral, PublicKeyToken=ad1329e8e0985d48" Name="Celedon.CreateAutoNumber">
          <FriendlyName>dc86b82f-7e02-4ec2-b875-7a5d4e63915a</FriendlyName>
        </PluginType>
        <PluginType AssemblyQualifiedName="Celedon.DeleteAutoNumber, CeledonPartners.AutoNumber, Version=1.0.0.0, Culture=neutral, PublicKeyToken=ad1329e8e0985d48" Name="Celedon.DeleteAutoNumber">
          <FriendlyName>62d21682-7ee0-4986-9415-64bee07275b1</FriendlyName>
        </PluginType>
        <PluginType AssemblyQualifiedName="Celedon.getNextAutoNumber, CeledonPartners.AutoNumber, Version=1.0.0.0, Culture=neutral, PublicKeyToken=ad1329e8e0985d48" Name="Celedon.getNextAutoNumber">
          <FriendlyName>868909d4-0994-4c8b-b4c1-1e83acba1cc2</FriendlyName>
        </PluginType>
        <PluginType AssemblyQualifiedName="Celedon.ValidateAutoNumber, CeledonPartners.AutoNumber, Version=1.0.0.0, Culture=neutral, PublicKeyToken=ad1329e8e0985d48" Name="Celedon.ValidateAutoNumber">
          <FriendlyName>3e866020-6a66-44be-9135-e5440d998850</FriendlyName>
        </PluginType>
      </PluginTypes>
    </PluginAssembly>
  </SolutionPluginAssemblies>
  <SdkMessageProcessingSteps>
    <SdkMessageProcessingStep Name="Celedon.CreateAutoNumber: Create of cel_autonumber" SdkMessageProcessingStepId="{8680b7f4-bea6-e411-86b2-000c29af921b}">
      <PluginTypeName>Celedon.CreateAutoNumber, CeledonPartners.AutoNumber, Version=1.0.0.0, Culture=neutral, PublicKeyToken=ad1329e8e0985d48</PluginTypeName>
      <PrimaryEntity>cel_autonumber</PrimaryEntity>
      <AsyncAutoDelete>0</AsyncAutoDelete>
      <ImpersonatingUserIdName>SYSTEM</ImpersonatingUserIdName>
      <InvocationSource>1</InvocationSource>
      <Mode>1</Mode>
      <Rank>1</Rank>
      <SdkMessageId>{9ebdbb1b-ea3e-db11-86a7-000a3a5473e8}</SdkMessageId>
      <EventHandlerTypeCode>4602</EventHandlerTypeCode>
      <Stage>40</Stage>
      <IsCustomizable>1</IsCustomizable>
      <IsHidden>0</IsHidden>
      <SupportedDeployment>0</SupportedDeployment>
      <IntroducedVersion>1.0</IntroducedVersion>
      <SdkMessageProcessingStepImages />
    </SdkMessageProcessingStep>
    <SdkMessageProcessingStep Name="Celedon.DeleteAutoNumber: Delete of cel_autonumber" SdkMessageProcessingStepId="{ff6b5f0a-bfa6-e411-86b2-000c29af921b}">
      <PluginTypeName>Celedon.DeleteAutoNumber, CeledonPartners.AutoNumber, Version=1.0.0.0, Culture=neutral, PublicKeyToken=ad1329e8e0985d48</PluginTypeName>
      <PrimaryEntity>cel_autonumber</PrimaryEntity>
      <AsyncAutoDelete>0</AsyncAutoDelete>
      <ImpersonatingUserIdName>SYSTEM</ImpersonatingUserIdName>
      <InvocationSource>1</InvocationSource>
      <Mode>1</Mode>
      <Rank>1</Rank>
      <SdkMessageId>{a1bdbb1b-ea3e-db11-86a7-000a3a5473e8}</SdkMessageId>
      <EventHandlerTypeCode>4602</EventHandlerTypeCode>
      <Stage>40</Stage>
      <IsCustomizable>1</IsCustomizable>
      <IsHidden>0</IsHidden>
      <SupportedDeployment>0</SupportedDeployment>
      <IntroducedVersion>1.0</IntroducedVersion>
      <SdkMessageProcessingStepImages>
        <SdkMessageProcessingStepImage Name="PreImage">
          <SdkMessageProcessingStepImageId>{466e283e-bfa6-e411-86b2-000c29af921b}</SdkMessageProcessingStepImageId>
          <Attributes>cel_attributename,cel_entityname</Attributes>
          <EntityAlias>PreImage</EntityAlias>
          <ImageType>0</ImageType>
          <MessagePropertyName>Target</MessagePropertyName>
          <IsCustomizable>1</IsCustomizable>
        </SdkMessageProcessingStepImage>
      </SdkMessageProcessingStepImages>
    </SdkMessageProcessingStep>
    <SdkMessageProcessingStep Name="Celedon.ValidateAutoNumber: Create of cel_autonumber" SdkMessageProcessingStepId="{9a1b5dc6-51a7-e411-86b2-000c29af921b}">
      <PluginTypeName>Celedon.ValidateAutoNumber, CeledonPartners.AutoNumber, Version=1.0.0.0, Culture=neutral, PublicKeyToken=ad1329e8e0985d48</PluginTypeName>
      <PrimaryEntity>cel_autonumber</PrimaryEntity>
      <AsyncAutoDelete>0</AsyncAutoDelete>
      <ImpersonatingUserIdName>SYSTEM</ImpersonatingUserIdName>
      <InvocationSource>0</InvocationSource>
      <Mode>0</Mode>
      <Rank>1</Rank>
      <SdkMessageId>{9ebdbb1b-ea3e-db11-86a7-000a3a5473e8}</SdkMessageId>
      <EventHandlerTypeCode>4602</EventHandlerTypeCode>
      <Stage>10</Stage>
      <IsCustomizable>1</IsCustomizable>
      <IsHidden>0</IsHidden>
      <SupportedDeployment>0</SupportedDeployment>
      <IntroducedVersion>1.0</IntroducedVersion>
      <SdkMessageProcessingStepImages />
    </SdkMessageProcessingStep>
  </SdkMessageProcessingSteps>
  <Languages>
    <Language>1033</Language>
  </Languages>
</ImportExportXml>